English	简体中文	繁體中文	हिंदी	Русский	Português	Deutsch
Part of Speech	词性	詞性	शब्द भेद	Часть речи	Classe gramatical	Wortart
Irregular	不规则单词	不規則單詞	अनियमित	Пременная	Irregular	Ungregelmäßig (adjective)?
Base Definition	基楚定义	基楚定義	मूल अर्थ	Базовое определение	Definição básica	Grunddefinition
Home	主页	主頁	घर	Домой	Página Inicial	Hauptseite
Introduction	介绍	介紹	परिचय	Введение	Introdução	Einführung
the language of the world	世界的语言	世界的語言	दुनिया की भाषा	язык мира	a língua do mundo	die Sprache der Welt
toki ma is a minimal international auxiliary language. It is based in and extends <a href="http://tokipona.org/" target="_blank">toki pona</a>, a philosophical artistic constructed language created by Sonja Lang in 2001. Toki pona is a great language, and one if its main purposes is to simplify thoughts and communication. Toki ma is our attempt to extend toki pona into another language that can be used in day to day communication.	toki ma （道世语）是一种极简的国际辅助语言。它基于并扩展了 <a href="http://tokipona.org/" target="_blank">toki pona</a>（道本语），这是一种由 Sonja Lang 于 2001 年创作的哲学艺术人造语言。toki pona 是一个伟大的语言，如果它的主要目的是简化思想和用于交流。Toki ma 是我的一个尝试，目的是将 toki pona 扩展为另一种可用于日常交流的语言。	toki ma （道世語）是一種極簡的國際輔助語言。它基於並擴展了 <a href="http://tokipona.org/" target="_blank">toki pona</a>（道本語），這是一種由 Sonja Lang 於 2001 年創作的哲學藝術人造語言。toki pona 是一個偉大的語言，如果它的主要目的是簡化思想和用於交流。Toki ma 是我的一個嘗試，目的是將 toki pona 擴展為另一種可用於日常交流的語言。	तोकी मा एक अल्पवादी एकतावादी अंतरराष्ट्रीय भाषा है।  यह भाषा <a href="http://tokipona.org/" target="_blank">तोकी पोना</a> पर आधारित है, जो खुद एक सैद्धांतिक, बनाई हुई भाषा है, जिसे सोन्या लांग ने 2001 में बनाया था। तोकी पोना एक अच्छी भाषा है, और उसका एक मुख्य सिद्धांत है अपने विचार और ख्यालों को सरल बनाना। तोकी मा हमारी एक कोशिश है, तोकी पोना को बढाने की, एक ऐसी भाषा में जो आम रोज़ाना जीवन में दुनिया भर में बातचीत के लिए काम आ सकती है। 	Токи ма - это минималистический международный вспомогательный язык.  Он создан на основе <a href="http://tokipona.org/" target="_blank">toki pona</a>, философского искусственного арт языка, созданного Соней Ланг в 2001 году. Токипона - отличный язык, и его основная цель - упростить мысли и общение. Токи ма - это моя попытка распространить Токипона на другой язык, который можно использовать в повседневном общении между людьми всех народов планеты.	toki ma é um idioma auxiliar internacional mínimo. É baseado em e estende <a href="http://tokipona.org/" target="_blank">toki pona</a>, uma língua construída artística filosófica criada por Sonja Lang em 2001. Toki pona é um ótimo idioma, e um de seus principais propósitos é simplificar pensamentos e comunicação. Toki ma é nossa tentativa de expandir toki pona em outro idioma que pode ser usado em comunicação cotidiana.	toki ma ist eine minimalistische internationale Hilfssprache. Sie basiert auf und erweitert <a href="http://tokipona.org/" target="_blank">toki pona</a>, eine philosophisch-künstlerisch konstruierte Sprache, die 2001 von Sonja Lang geschaffen wurde. Toki pona ist eine großartige Sprache, und einer ihrer Hauptzwecke ist es, das Denken und die Kommunikation zu vereinfachen. Toki ma ist unser Versuch, aus toki pona eine andere Sprache zu erschaffen, die in der täglichen Kommunikation verwendet werden kann.
The grammar of toki ma is very similar to that of toki pona, but with a few additions, such as subordinate clauses, and unambiguous parts of speech. The dictionary is modified, restricting the meaning of a few words and adding about 150 new words (including a number system), where many of them already in use in toki pona as unofficial words. Many of the new words are based in <a href="https://intranet.secure.griffith.edu.au/schools-departments/natural-semantic-metalanguage/minimal-english/what-is-minimal-english"   target="_blank">Minimal English</a>, but trying to keep the spirit of toki pona.	toki ma 的语法与 toki pona 的语法非常相似，但添加了一些附加内容，例如从句和明确的词性，对字典进行了修改，限制了几个词的含义，并增加了大约 150 个新词（包括数字系统），其中许多已经在 toki pona 的社群中作为非官方单词使用。许多新词都基于 <a href="https://intranet.secure.griffith.edu.au/schools-departments/natural-semantic-metalanguage/minimal-english/what-is-minimal-english"   target="_blank">Minimal English</a>（极简英语），但努力保持toki pona的精神。	toki ma 的語法與 toki pona 的語法非常相似，但添加了一些附加內容，例如從句和明確的詞性，對字典進行了修改，限制了幾個詞的含義，並增加了大約 150 個新詞（包括數字系統），其中許多已經在 toki pona 的社群中作為非官方單詞使用。許多新詞都基於 <a href="https://intranet.secure.griffith.edu.au/schools-departments/natural-semantic-metalanguage/minimal-english/what-is-minimal-english" target="_blank">Minimal English</a>（極簡英語），但努力保持toki pona的精神。	तोकी मा का व्याकरण तोकी पोना से बहुत मिलता झुलता है, लेकिन कुछ चीज़ों की बढौती की गयी है, जैसे संबंधवाचक खंड और स्पष्ट शब्द भेद। तोकी मा ने तोकी पोना की शब्दकोश में बहुत बरकत की है। कुछ शब्दों के मतलबों को ज़्यादा स्पष्ट किया गया है, और तकरीबन डेढ़ सौ नए शब्द (जिनमें नंबर भी शामिल हैं) जोड़े गए हैं, जिनमें सी कईं पहले से तोकी पोना में अमानक ढंग से इस्तेमल होते हैं। इन में से कईं  <a href="https://intranet.secure.griffith.edu.au/schools-departments/natural-semantic-metalanguage/minimal-english/what-is-minimal-english"   target="_blank">"मिनिमल इंग्लिश"</a> पर आधारित हैं, जो तोकी पोना की आत्मा का ध्यान रख के बनाए गए हैं।	Грамматика Токи ма очень похожа на грамматику токипона, но с некоторыми дополнениями, такими как придаточные предложения и недвусмысленные части речи. В словарь внесены изменения, ограничивающие значение нескольких слов и добавлено около 150 новых слов (включая систему счисления), при этом многие из них уже используются в токипона как неофициальные слова. Многие из новых слов основаны на <a href="https://intranet.secure.griffith.edu.au/schools-departments/natural-semantic-metalanguage/minimal-english/what-is-minimal-english"   target="_blank">Minimal English</a>, при этом, по возможности, сохраняя дух токипона.	A gramática do toki ma é muito similar à do toki pona, mas com algumas adições, como orações subordinadas, e classes gramaticais inequívocas. O dicionário é modificado, restringindo o significado de algumas palavras e adicionando cerca de 150 palavras novas (incluindo um sistema numérico), entre as quais muitas já estão em uso em toki pona como palavras não oficiais. Muitas das novas palavras são baseadas no <a href="https://intranet.secure.griffith.edu.au/schools-departments/natural-semantic-metalanguage/minimal-english/what-is-minimal-english"   target="_blank">Minimal English</a>, mas tentando manter o espírito do toki pona.	Die Grammatik von toki ma ist der von toki pona sehr ähnlich, jedoch mit einigen Ergänzungen wie Nebensätzen und eindeutigen Wortarten. Das Wörterbuch wird modifiziert, die Bedeutung einiger Wörter eingeschränkt und etwa 150 neue Wörter (einschließlich eines Zahlensystems) wurden hinzugefügt, von denen viele bereits von toki pona Sprechern als inoffizielle Wörter verwendet werden. Viele der neuen Wörter basieren auf <a href="https://intranet.secure.griffith.edu.au/schools-departments/natural-semantic-metalanguage/minimal-english/what-is-minimal-english"   target="_blank">Minimal English</a>, aber versuchen den Geist von toki pona zu bewahren.
If you are new to this, you probably want to read the course. We have a Youtube course and a PDF course, whichever suits your learning style better. You can also visit <a href="https://www.reddit.com/r/tokima/" target="_blank">the toki ma subreddit</a> where most of the action happens!	如果您是新手，您可能想阅读课程。我们有 Youtube 课程和 PDF 课程，以更适合您的学习方式。您还可以访问 <a href="https://www.reddit.com/r/tokima/" target="_blank">toki ma subreddit</a>，大多数新的动向都在其中发生！	如果您是新手，您可能想閱讀課程。我們有 Youtube 課程和 PDF 課程，以更適合您的學習方式。您還可以訪問 <a href="https://www.reddit.com/r/tokima/" target="_blank">toki ma subreddit</a>，大多數新的動向都在其中發生！	अगर आप यहां नए हैं, तो आपको पाठ पढ़ना चाहिए। हमारी पास आपके लिए एक यूट्यूब पर बना हुआ पाठ, और एक पी. डी. एफ़. दस्तावेज़ है, जो भी आपके सीखने के अंदाज़ के साथ बहतर जमे। आप <a href="https://www.reddit.com/r/tokima/" target="_blank">तोकी मा के सबरेडिट</a> पर भी जा सकते हैं, जहां बहुत कुछ होता है!	Если вы только открываете для себя Токи ма, вы, вероятно, захотите пройти учебный курс. У нас есть курс на Youtube и курс в формате PDF, в зависимости от того, что больше подходит вашему стилю обучения. Также, вы можете посетить  <a href="https://www.reddit.com/r/tokima/" target="_blank">the toki ma subreddit</a>, где происходит большая часть событий мира токи ма!	Se você é novo/a nisso, você provavelmente quer ler o curso. Temos um curso no YouTube e um curso em PDF, qualquer um que combine melhor com seu estilo de aprendizado. Você também pode visitar <a href="https://www.reddit.com/r/tokima/" target="_blank">o subreddit toki ma</a> (em inglês e em toki ma) onde a maior parte da ação acontece!	Wenn du neu bist, willst du wahrscheinlich den Kurs lesen. Wir haben einen Youtube-Kurs und ein PDF-Handbuch. Benutze den Kurs, der dir besser gefällt. Du kannst auch<a href="https://www.reddit.com/r/tokima/" target="_blank"> den toki ma Unter (subreddit)</a> besuchen, wo am meisten los ist!
Learn More	学习更多	學習更多	ज़्यादा जाने	Узнать больше	Aprender mais	Mehr lernen
You want to learn, or know more about toki ma? We have a couple options for you!	您想了解或了解更多关于 toki ma 的信息吗？我们为您提供了几种选择！	您想瞭解或瞭解更多關於 toki ma 的資訊嗎？我們為您提供了幾種選擇！	क्या आपको तोकी मा के बारे में ज़्यादा जानना है? हमारे पास आपके लिए दो विकल्प हैं!	Хотите узнать больше о Токи ма? У нас есть пара вариантов для вас!	Você quer aprender, ou saber mais sobre toki ma? Temos duas opções para você!	Du willst mehr über toki ma erfahren oder lernen? Da haben wir einige weitere Möglichkeiten!
A PDF Handbook (English), by Sewi	PDF 手册，作者 Sewi	PDF 手冊，作者 Sewi	एक अंग्रेज़ी पी. डी. एफ़. दस्तावेज़, लेखक: सेवी	Справочник в формате PDF, автор: Sewi	Um manual em PDF (inglês), por Sewi	Ein PDF-Handbuch von Sewi
A Youtube Video Course, by Aronora	油管视频课程，作者 Aronora	油管視頻課程，作者 Aronora	एक यूट्यूब पाठ, निर्माता: आरोनोरा	Видеокурс на Youtube, созданный Aronora	Um curso de vídeo no YouTube (inglês), por Aronora	Ein Youtube Videokurs von Aronora
Dictionary	词典	詞典	शब्दकोश	Словарь	Dicionário	Wörterbuch
Whole word	完整拼写	完整拼寫	पूरा शब्द	Полное слово	Palavra inteira	Ganzes Wort
Part of the word	部分拼写	部分拼寫	शब्द का टुकड़ा	Часть слова	Parte da palavra	Wortteil
Select word:	选择单词：	選擇單詞：	शब्द चुने:	Выберите слово:	Selecionar palavra:	Wähle ein Wort aus:
Type word	输入单词：	輸入單詞：	शब्द लिखे	Наберите слово	Digitar palavra	Wörter eingeben
Search	查询	查詢	खोजे	Искать	Buscar	Suchen
toki ma to English	toki ma 到中文	toki ma 到中文	तोकी मा से हिंदी	с токи ма на русский	toki ma para português	toki ma - Deutsch
English to toki ma	中文到 toki ma	中文到 toki ma	हिंदी से तोकी मा	с русского на токи ма	Português para toki ma	Deutsch - toki ma
Memorize words	记忆单词	記憶單詞	शब्द रटे	Учить слова	Memorizar palavras	Lerne Vokabeln
This work is licensed under a <a rel="license" href="http://creativecommons.org/licenses/by-sa/4.0/">Creative Commons Attribution-ShareAlike 4.0 International License</a>.	本作品已根据<a rel="license" href="http://creativecommons.org/licenses/by-sa/4.0/">Creative Commons Attribution-ShareAlike 4.0 International License</a>获得许可。 	本作品已根據<a rel="license" href="http://creativecommons.org/licenses/by-sa/4.0/">Creative Commons Attribution-ShareAlike 4.0 International License</a>獲得許可。	ये वेबसाईट एक <a rel="license" href="http://creativecommons.org/licenses/by-sa/4.0/">क्रीयेटिव कोमंस 4.0</a> लाइसेंस के तहत लाइसेंस की गयी है।	Эта работа защищена лицензией <a rel="license" href="http://creativecommons.org/licenses/by-sa/4.0/">Creative Commons Attribution-ShareAlike 4.0 International License</a>.	Esta obra é licenciada sob <a rel="license" href="http://creativecommons.org/licenses/by-sa/4.0/">Creative Commons Attribution-ShareAlike 4.0 International License</a>.	Dieses Werk ist lizensiert unter <a rel="license" href="http://creativecommons.org/licenses/by-sa/4.0/">Creative Commons Attribution-ShareAlike 4.0 International License</a>.
Show Dictionary	显示词典	顯示詞典	शब्दकोश दिखाओ	Показать словарь	Mostrar dicionário	Wörterbuch anzeigen
No results found	无结果	無結果	कोई शब्द नहीं मिले	Результаты не найдены	Nenhum resultado encontrado	kein Ergebnis gefunden
!	中文版PDF手册（不完整）	中文版PDF手冊（不完整）	-	-	-	-
Visual Dictionary	视觉词典	視覺詞典	शब्दकोश बतौर तस्वीर	Визуальный словарь	Dicionário Visual	Visuelles Wörterbuch